datetime,open,high,low,close,volume
2026-03-11T12:00:00+00:00,661.2299999999999,665.56,655.04,661.4799999999999,21214
2026-03-12T12:00:00+00:00,661.4799999999999,661.4799999999999,643.53,644.3899999999999,22608
2026-03-13T12:00:00+00:00,644.3899999999999,644.3899999999999,616.29,620.53,30250
2026-03-16T12:00:00+00:00,620.53,641.3399999999999,620.53,634.1199999999999,27261
2026-03-17T12:00:00+00:00,634.1199999999999,643.05,628.3499999999999,629.56,36810
2026-03-18T12:00:00+00:00,629.56,629.56,621.29,622.54,40948
2026-03-19T12:00:00+00:00,622.54,622.54,608.9399999999999,613.1199999999999,51616
2026-03-20T12:00:00+00:00,613.1199999999999,613.1199999999999,593.8899999999999,600.43,47457
2026-03-23T12:00:00+00:00,600.43,615.2399999999999,600.43,610.31,57123
2026-03-24T12:00:00+00:00,610.31,610.31,597.67,599.5799999999999,36890
2026-03-25T12:00:00+00:00,599.5799999999999,610.2299999999999,599.5799999999999,601.8,42548
2026-03-26T12:00:00+00:00,601.8,601.8,550.0799999999999,554.3399999999999,56066
2026-03-27T12:00:00+00:00,554.3399999999999,554.3399999999999,527.05,532.64,51623.219958358124
2026-03-30T12:00:00+00:00,532.64,546.31,532.64,543.29,85002
2026-03-31T12:00:00+00:00,543.29,580.3599999999999,543.29,578.68,54218
2026-04-01T12:00:00+00:00,578.68,599.1999999999999,578.68,586.2099999999999,56968
2026-04-02T12:00:00+00:00,586.2099999999999,586.2099999999999,566.3399999999999,581.2999999999998,79808.68260144524
2026-04-06T12:00:00+00:00,581.2999999999998,589.5999999999999,578.9799999999999,580.4799999999999,49488
2026-04-07T12:00:00+00:00,580.4799999999999,582.3799999999999,571.7399999999999,581.7699999999999,44627
2026-04-08T12:00:00+00:00,581.7699999999999,636.7299999999999,581.7699999999999,619.6699999999998,65588.2928870293
2026-04-09T12:00:00+00:00,619.6699999999998,644.3199999999999,619.6699999999998,635.3499999999999,44121
2026-04-10T12:00:00+00:00,635.3499999999999,645.3999999999999,631.2899999999998,636.3899999999999,40900.93870789619
2026-04-13T12:00:00+00:00,636.3899999999999,641.9799999999999,631.0699999999998,641.4699999999999,34350
2026-04-14T12:00:00+00:00,641.4699999999999,673.1999999999999,641.4699999999999,669.2299999999999,38754
2026-04-15T12:00:00+00:00,669.2299999999999,685.4499999999998,669.2299999999999,677.8399999999998,39988.7872070931
2026-04-16T12:00:00+00:00,677.8399999999998,684.3899999999998,674.5099999999998,683.6199999999998,35152
2026-04-17T12:00:00+00:00,683.6199999999998,698.3399999999998,682.0899999999998,695.8099999999998,29428.15668202765
2026-04-20T12:00:00+00:00,695.8099999999998,695.8099999999998,674.9699999999998,678.0699999999998,49268
2026-04-21T12:00:00+00:00,678.0699999999998,683.0299999999997,674.2999999999997,675.7599999999998,32142
2026-04-22T12:00:00+00:00,675.7599999999998,685.2699999999998,675.7599999999998,681.8599999999998,60225.34868421053
2026-04-23T12:00:00+00:00,681.8599999999998,681.8599999999998,660.0599999999998,665.8499999999998,27823
2026-04-24T12:00:00+00:00,665.8499999999998,687.6299999999998,660.7699999999998,682.0199999999998,41937.93453434132
2026-04-27T12:00:00+00:00,682.0199999999998,689.4699999999997,677.2099999999997,686.5499999999997,29915
2026-04-28T12:00:00+00:00,686.5499999999997,686.5499999999997,672.6199999999997,678.6199999999997,37400
2026-04-29T12:00:00+00:00,678.6199999999997,681.2499999999998,670.8399999999997,676.8999999999997,33166.91041630072
2026-04-30T12:00:00+00:00,676.8999999999997,676.8999999999997,607.0399999999997,619.0699999999997,68437
2026-05-01T12:00:00+00:00,619.0699999999997,625.1999999999997,613.0999999999997,615.9899999999997,39252.156265769554
2026-05-04T12:00:00+00:00,615.9899999999997,620.9099999999997,609.7999999999997,617.5899999999997,34566
2026-05-05T12:00:00+00:00,617.5899999999997,621.0599999999997,607.3999999999997,612.1199999999997,31869
2026-05-06T12:00:00+00:00,612.1199999999997,626.9099999999997,605.1499999999997,619.3599999999998,33001.96578298397
2026-05-07T12:00:00+00:00,619.3599999999998,631.9999999999998,619.3599999999998,624.1699999999997,21789
2026-05-08T12:00:00+00:00,624.1699999999997,624.1699999999997,612.9799999999997,616.4399999999997,22445.673027444253
2026-05-11T12:00:00+00:00,616.4399999999997,616.4399999999997,604.9899999999997,605.6899999999997,28232
2026-05-12T12:00:00+00:00,605.6899999999997,610.5199999999998,599.5199999999998,610.0399999999997,21879
2026-05-13T12:00:00+00:00,610.0399999999997,626.6299999999997,603.5999999999997,623.5699999999997,26693.599156118144
2026-05-14T12:00:00+00:00,623.5699999999997,630.4399999999997,620.8299999999997,625.4399999999997,25176
2026-05-15T12:00:00+00:00,625.4399999999997,627.9099999999997,616.0399999999997,621.2699999999996,24849.357185097575
2026-05-18T12:00:00+00:00,621.2699999999996,622.2899999999997,610.4499999999997,618.0599999999997,31667
2026-05-19T12:00:00+00:00,618.0599999999997,620.4399999999997,607.3799999999997,609.6399999999996,24467
2026-05-20T12:00:00+00:00,609.6399999999996,614.6599999999997,604.6199999999997,611.7499999999997,20124.69512195122
2026-05-21T12:00:00+00:00,611.7499999999997,616.3099999999997,601.6699999999997,614.1599999999997,23483
2026-05-22T12:00:00+00:00,614.1599999999997,621.4099999999997,613.6799999999997,617.2599999999996,17805.703196347033
2026-05-26T12:00:00+00:00,617.2599999999996,621.0599999999997,612.2099999999997,619.3399999999997,18857
2026-05-27T12:00:00+00:00,619.3399999999997,645.1899999999997,614.8899999999996,641.8899999999998,30179.083566108005
2026-05-28T12:00:00+00:00,641.8899999999998,649.7599999999996,636.1899999999997,642.0799999999997,23474
2026-05-29T12:00:00+00:00,642.0799999999997,642.0799999999997,630.2599999999996,639.4799999999997,24207.043417645888
2026-06-01T12:00:00+00:00,639.4799999999997,642.4399999999997,606.5699999999997,607.5999999999997,36117
2026-06-02T12:00:00+00:00,607.5999999999997,615.7799999999996,603.6599999999996,604.7499999999997,22602
2026-06-03T12:00:00+00:00,604.7499999999997,631.0099999999996,604.7499999999997,630.2399999999996,30539.19610935857
2026-06-04T12:00:00+00:00,630.2399999999996,649.1899999999996,629.2199999999996,634.1899999999996,29105
2026-06-05T12:00:00+00:00,634.1899999999996,635.4499999999996,589.2799999999993,598.9299999999993,31887.263567705817
2026-06-08T12:00:00+00:00,598.9299999999993,598.9299999999993,585.5199999999993,591.6199999999992,24001
2026-06-09T12:00:00+00:00,591.6199999999992,603.8699999999992,587.2999999999993,591.0599999999993,33308
2026-06-10T12:00:00+00:00,591.0599999999993,597.5499999999993,576.5499999999993,577.2099999999992,25286.207339009474
2026-06-11T12:00:00+00:00,577.2099999999992,578.5199999999993,563.3899999999993,574.6999999999992,30272
2026-06-12T12:00:00+00:00,574.6999999999992,582.2399999999993,567.1999999999992,573.4099999999993,25841.405845051006
2026-06-15T12:00:00+00:00,573.4099999999993,607.6699999999993,573.4099999999993,599.6499999999993,26712
2026-06-16T12:00:00+00:00,599.6499999999993,612.1199999999993,598.4299999999993,606.4899999999993,22243
2026-06-17T12:00:00+00:00,606.4899999999993,606.4899999999993,572.9399999999994,573.9799999999993,39634.581228330855
2026-06-18T12:00:00+00:00,573.9799999999993,586.5899999999992,569.5499999999994,583.7299999999992,45901.208927749656
2026-06-22T12:00:00+00:00,583.7299999999992,583.7299999999992,566.3599999999992,570.3199999999993,39929
2026-06-23T12:00:00+00:00,570.3199999999993,578.7299999999992,567.5299999999993,568.4999999999992,49008
2026-06-24T12:00:00+00:00,568.4999999999992,575.3499999999992,562.2499999999992,564.4199999999993,29775.754111842107
2026-06-25T12:00:00+00:00,564.4199999999993,564.4199999999993,546.8399999999992,549.6599999999993,30986
2026-06-26T12:00:00+00:00,549.6599999999993,563.5099999999992,547.0999999999992,555.8799999999992,27969.45894881484
2026-06-29T12:00:00+00:00,555.8799999999992,577.4299999999992,555.8799999999992,569.2299999999992,28781
2026-06-30T12:00:00+00:00,569.2299999999992,572.1799999999992,558.1899999999993,569.5699999999993,22830
2026-07-01T12:00:00+00:00,569.5699999999993,634.9899999999991,569.5699999999993,619.8699999999991,52588.984326018806
2026-07-02T12:00:00+00:00,619.8699999999991,619.8699999999991,587.2399999999991,589.5799999999991,37556.926333872274
2026-07-06T12:00:00+00:00,589.5799999999991,610.3499999999991,588.6299999999991,607.0799999999991,33909
2026-07-07T12:00:00+00:00,607.0799999999991,632.0799999999991,607.0799999999991,622.2899999999992,43641
2026-07-08T12:00:00+00:00,622.2899999999992,622.2899999999992,604.9999999999991,610.2399999999991,29499.529538131043
2026-07-09T12:00:00+00:00,610.2399999999991,640.199999999999,583.9999999999991,638.539999999999,45235
2026-07-10T12:00:00+00:00,638.539999999999,684.799999999999,638.539999999999,675.9699999999991,50955.94384359401
2026-07-13T12:00:00+00:00,675.9699999999991,683.289999999999,661.1299999999991,663.9799999999991,39161
2026-07-14T12:00:00+00:00,663.9799999999991,673.3499999999991,655.9899999999991,667.9799999999991,39051
2026-07-15T12:00:00+00:00,667.9799999999991,692.8399999999991,663.6399999999991,688.3899999999991,47250.21220038623
2026-07-16T12:00:00+00:00,688.3899999999991,688.679999999999,667.049999999999,671.2699999999991,41179
2026-07-17T12:00:00+00:00,671.2699999999991,671.2699999999991,632.859999999999,652.6899999999989,45632.414317464034
2026-07-20T12:00:00+00:00,652.6899999999989,659.839999999999,642.959999999999,652.5399999999989,25183
2026-07-21T12:00:00+00:00,652.5399999999989,661.879999999999,649.909999999999,650.399999999999,22524
2026-07-22T12:00:00+00:00,650.399999999999,653.649999999999,630.9099999999991,634.1199999999991,20650.062717770037
2026-07-23T12:00:00+00:00,634.1199999999991,634.1199999999991,604.069999999999,612.599999999999,26596
2026-07-24T12:00:00+00:00,612.599999999999,616.699999999999,600.959999999999,602.2699999999991,26797
2026-07-27T12:00:00+00:00,602.2699999999991,617.219999999999,599.4199999999989,600.369999999999,27430.160813279443
2026-07-28T12:00:00+00:00,600.369999999999,606.6099999999989,593.409999999999,600.2399999999989,34403
2026-07-29T12:00:00+00:00,600.2399999999989,606.1099999999989,588.639999999999,593.2999999999989,30304
2026-07-30T12:00:00+00:00,593.2999999999989,593.2999999999989,531.2099999999989,545.0899999999989,45885
2026-07-31T12:00:00+00:00,545.0899999999989,564.5899999999989,545.0899999999989,563.2999999999989,36574
2026-08-03T12:00:00+00:00,563.2999999999989,603.769999999999,563.2999999999989,597.0899999999989,34037
2026-08-04T12:00:00+00:00,597.0899999999989,599.1099999999989,584.639999999999,594.2399999999989,26097
2026-08-05T12:00:00+00:00,594.2399999999989,607.139999999999,586.5399999999988,595.7299999999988,30096.565558754253
2026-08-06T12:00:00+00:00,595.7299999999988,601.8099999999987,592.5299999999987,596.7199999999988,22512
2026-08-07T12:00:00+00:00,596.7199999999988,605.5399999999987,591.4799999999988,599.2299999999987,22235
2026-08-10T12:00:00+00:00,599.2299999999987,614.9499999999987,598.8499999999987,601.6399999999986,27744
2026-08-11T12:00:00+00:00,601.6399999999986,619.0499999999987,600.2399999999986,605.8799999999986,22974
2026-08-12T12:00:00+00:00,605.8799999999986,610.6399999999986,584.8999999999985,585.7799999999985,27122.024299323486
2026-08-13T12:00:00+00:00,585.7799999999985,602.6199999999985,585.7799999999985,601.7399999999985,18729
2026-08-14T12:00:00+00:00,601.7399999999985,608.1899999999986,595.8599999999984,596.4799999999984,18614.28984660336
2026-08-17T12:00:00+00:00,589.36,589.45,564.46,568.84,29367
2026-08-18T12:00:00+00:00,568.84,568.84,542.93,543.52,33105
2026-08-19T12:00:00+00:00,543.52,556.4499999999985,537.01,546.16,26326.51052065735
2026-08-20T12:00:00+00:00,546.16,549.36,539.06,545.62,26981
2026-08-21T12:00:00+00:00,545.62,559.5799999999984,542.74,549.6,22006
2026-08-24T12:00:00+00:00,549.6,561.12,546.05,559.15,25176
2026-08-25T12:00:00+00:00,559.15,570.42,559.15,569.59,20862
2026-08-26T12:00:00+00:00,569.59,592.5699999999985,561.48,575.8,42531
2026-08-27T12:00:00+00:00,575.8,587.92,567.16,570.86,29604
2026-08-28T12:00:00+00:00,570.86,588.78,570.24,578,29835
2026-08-31T12:00:00+00:00,578,578,568.73,571.92,20939
2026-09-01T12:00:00+00:00,571.92,584.35,555.83,578.11,26513
2026-09-02T12:00:00+00:00,578.11,599.79,575.96,592.89,30300
2026-09-03T12:00:00+00:00,592.89,619.14,592.89,610.51,27377
2026-09-04T12:00:00+00:00,610.51,617.11,604.93,616.42,26213
2026-09-08T12:00:00+00:00,616.42,624.14,609.45,613.32,21872
